CustomerID,predicted_purchases_90d,expected_avg_value,CLV_3_months,CLV_12_months
18102,8,8294,66629,254121
14646,9,5414,46541,177508
14156,15,2512,36726,140083
14911,24,1194,28174,107466
13694,9,2696,24760,94433
16684,4,4452,16389,62494
17511,5,3418,16226,61878
16754,5,3541,16124,61443
15061,8,2009,15404,58749
17949,8,1393,11209,42753
13089,13,861,10882,41504
15311,21,507,10295,39268
17850,4,2241,9875,37658
17450,3,3450,9800,37186
12931,6,1648,9606,36634
13093,7,1287,8980,34249
15838,3,2896,8666,33039
14298,4,1992,7770,29629
12454,3,2983,7657,29027
12415,3,2957,7567,28780
16029,7,1156,7486,28551
13798,9,834,7413,28272
13881,4,1689,6461,24622
15769,4,1710,6351,24218
17940,1,5731,6121,23315
13081,3,1807,5997,22866
16422,9,651,5988,22833
13902,1,8807,5766,21962
16705,3,2046,5649,21537
17841,16,350,5520,21055
14680,7,808,5489,20932
13802,4,1538,5316,20259
17389,4,1235,4976,18974
13777,5,1067,4870,18570
14063,2,2970,4851,18488
18251,2,3208,4782,18221
13408,7,645,4500,17163
12433,2,1846,4338,16476
17381,3,1314,4314,16418
12748,18,239,4266,16271
14031,5,929,4250,16207
16779,6,721,4224,16108
12709,3,1425,4211,16055
14733,3,1413,4143,15699
17404,2,2323,4070,15508
17677,4,1083,4067,15507
18008,3,1490,4065,15497
15039,8,488,3902,14883
16013,4,916,3892,14843
14258,3,1413,3864,14733
17920,7,558,3806,14517
12471,5,707,3784,14429
12921,6,686,3750,14302
14277,1,3343,3664,13957
12678,2,1857,3632,13840
14866,3,1108,3595,13659
16210,3,1132,3502,13353
17675,7,535,3481,13275
14606,18,197,3474,13253
14527,13,271,3471,13240
15523,3,1252,3411,13006
15856,5,740,3383,12901
13767,6,574,3351,12779
12681,5,704,3288,12539
12939,2,1495,3257,12411
12482,1,3578,3238,12329
14062,2,1453,3216,12258
13734,1,3525,3196,12144
13078,6,546,3185,12148
12967,2,1667,3169,11961
17865,4,856,3114,11875
13564,5,674,3076,11730
12497,1,4857,3009,11421
17589,3,1019,2994,11408
16652,2,1603,2946,11219
12356,2,1457,2923,11069
17428,3,1123,2851,10869
15808,4,819,2830,10792
12476,3,890,2825,10743
12647,5,588,2819,10749
16019,3,1001,2798,10667
16553,2,1174,2738,10434
13001,4,717,2738,10440
15513,3,914,2733,10417
12766,2,1211,2717,10284
12409,1,1965,2696,10247
14895,3,1033,2672,10186
12621,4,730,2637,10050
18055,3,791,2604,9876
17340,2,1347,2589,9862
16191,1,1745,2565,9775
12477,1,2764,2540,9655
17377,10,264,2516,9596
17133,1,1862,2510,9553
16546,2,1359,2472,9366
14667,6,447,2450,9345
13027,3,841,2381,9074
17416,2,1429,2380,9069
14134,2,1065,2357,8986
15251,2,1147,2349,8952
16549,6,405,2325,8860
14049,2,1388,2325,8850
12744,1,3388,2305,8741
17044,2,1136,2289,8725
15640,2,1017,2270,8655
12682,4,519,2268,8649
17722,2,1110,2265,8545
14800,3,780,2253,8548
17243,8,293,2248,8576
18087,2,953,2244,8556
16525,4,508,2225,8485
14543,4,554,2218,8457
12472,3,848,2213,8436
16746,5,482,2207,8417
14045,3,856,2188,8340
13458,2,1208,2187,8255
17716,2,996,2165,8252
12714,1,1495,2164,8245
13090,4,491,2163,8226
14855,1,2334,2156,8193
13319,5,465,2140,8161
12949,2,974,2124,8096
17139,2,1064,2098,7995
15615,4,521,2088,7964
14426,2,1170,2080,7921
16133,5,389,2071,7891
13225,2,1227,2050,7814
15093,3,686,2022,7710
15498,3,674,2020,7701
16180,1,1411,2012,7646
13340,1,1885,2011,7654
18172,4,489,1996,7610
13952,2,1067,1989,7579
15032,1,1518,1943,7404
14952,3,665,1937,7385
17706,3,736,1932,7362
17315,3,679,1926,7309
15296,1,1935,1912,7277
17204,1,1291,1898,7215
15332,2,1130,1883,7153
13707,1,2239,1857,7036
14961,2,846,1849,7048
17735,3,567,1840,6997
16843,3,626,1838,7007
15786,1,2187,1837,6960
12705,2,1188,1832,6960
16072,1,2295,1827,6924
16873,1,1252,1826,6952
15497,2,1224,1825,6955
12540,3,659,1815,6918
16126,2,834,1814,6916
12731,1,1375,1797,6839
15281,4,507,1793,6804
13178,2,875,1793,6834
16258,2,878,1790,6817
15159,2,734,1777,6739
13715,3,555,1777,6771
14849,2,747,1770,6746
12980,2,750,1770,6746
15382,1,1637,1767,6729
14410,1,1324,1764,6668
14299,3,536,1758,6705
12668,1,1220,1754,6681
15291,5,367,1747,6661
14936,1,1691,1746,6633
17288,2,1025,1744,6587
15358,3,557,1743,6646
15601,3,638,1737,6624
15980,1,2456,1714,6494
13316,2,1078,1701,6477
14040,4,424,1695,6463
15738,5,380,1690,6444
12524,2,892,1687,6427
14676,2,1069,1686,6420
13488,2,919,1685,6418
16656,3,663,1683,6418
17504,2,798,1681,6405
13680,2,1040,1665,6345
15044,3,628,1644,6266
13113,4,457,1643,6259
18226,3,486,1643,6259
13362,2,822,1641,6215
16161,5,309,1640,6251
17581,2,745,1624,6192
17409,1,1270,1622,6179
15480,1,2052,1622,6167
16131,1,1820,1620,6168
16782,5,349,1618,6172
14194,2,752,1614,6152
13206,2,676,1608,6132
13069,4,377,1608,6119
12435,1,1804,1603,6103
14828,2,796,1601,6104
18225,3,584,1600,6101
16265,2,715,1590,6020
14739,4,436,1589,6061
15078,3,481,1584,6039
15150,1,2025,1580,5986
15981,3,472,1579,6015
14016,2,1009,1574,5996
13735,2,944,1570,5984
12557,1,1692,1555,5920
15874,2,710,1529,5828
17338,2,669,1519,5786
15260,3,516,1514,5771
13013,3,476,1512,5765
13162,2,637,1510,5756
16713,3,447,1507,5746
17364,3,482,1506,5744
18260,3,473,1505,5737
13137,3,473,1499,5701
12429,1,1279,1495,5677
14439,1,1516,1490,5672
12629,1,1042,1488,5624
17858,3,449,1486,5665
13157,1,1331,1473,5604
16814,4,347,1470,5600
15005,6,269,1469,5601
12437,4,402,1461,5570
14913,2,779,1450,5504
13097,3,533,1448,5523
14088,1,1037,1447,5467
12451,1,1807,1446,5479
13102,4,359,1446,5506
18092,2,885,1445,5509
12380,1,1395,1443,5493
17814,1,994,1443,5454
13468,7,212,1436,5475
15950,1,1008,1432,5456
14249,2,777,1431,5453
12347,2,869,1425,5384
12589,1,1831,1422,5408
15228,1,1503,1420,5376
14091,0,4877,1419,5387
13615,2,867,1416,5394
14154,1,1200,1412,5378
16327,2,630,1408,5366
13174,2,774,1406,5359
16550,3,515,1404,5354
15301,3,527,1404,5328
16839,3,549,1403,5346
17284,1,1112,1401,5298
14110,4,373,1394,5317
16923,3,517,1393,5308
14146,1,1181,1389,5290
18223,2,585,1386,5284
15369,2,871,1383,5272
12583,3,537,1378,5255
12749,1,1085,1376,5222
16984,2,766,1372,5225
13629,2,721,1370,5219
16279,2,770,1369,5211
15476,2,755,1369,5188
13373,1,1937,1368,5206
14673,2,617,1365,5167
12481,2,788,1359,5174
15218,3,549,1347,5132
14004,1,1019,1347,5091
15270,2,720,1342,5117
15050,1,1305,1342,5078
13935,1,2085,1331,5062
12755,2,667,1330,5066
16320,1,1336,1328,5055
14105,1,1445,1326,5050
13668,3,477,1325,5050
16241,3,475,1321,5004
12989,3,450,1320,5035
14415,2,643,1320,5032
15555,4,378,1320,5033
14607,1,902,1315,5009
14292,1,956,1315,5003
17107,1,1293,1312,4991
18230,1,1454,1307,4951
14175,1,944,1307,4973
16168,6,216,1306,4982
17160,2,597,1306,4979
14490,1,972,1306,4936
12578,1,1020,1305,4935
13050,4,347,1300,4957
13199,5,272,1300,4956
17686,1,1539,1298,4916
16008,3,427,1294,4930
12758,1,1219,1293,4924
13461,1,1307,1289,4898
15034,2,684,1288,4901
12480,1,952,1274,4834
14395,3,418,1273,4847
14145,1,1359,1268,4818
15570,3,407,1267,4825
14025,2,561,1267,4821
14051,3,461,1261,4808
17085,4,326,1260,4804
17584,1,1278,1259,4793
14505,2,763,1256,4788
12474,3,452,1252,4769
14597,2,670,1249,4732
15151,1,1361,1248,4728
15023,2,599,1247,4752
16456,2,580,1247,4747
14482,2,622,1242,4715
14422,3,473,1242,4733
12562,1,927,1237,4678
15024,4,343,1237,4695
14918,2,724,1234,4697
13324,2,631,1228,4673
13198,1,917,1228,4643
13941,2,593,1218,4641
14572,1,1320,1215,4618
15144,2,591,1205,4593
12841,6,201,1204,4582
14566,1,998,1203,4568
13004,4,338,1202,4585
17809,2,664,1202,4581
14933,1,1080,1200,4539
17017,2,657,1193,4546
13448,1,819,1192,4542
14243,4,335,1192,4529
13381,1,948,1190,4535
15817,1,1022,1190,4517
13327,3,452,1189,4534
18178,2,692,1188,4526
14030,2,585,1186,4519
14735,4,308,1184,4516
16812,3,442,1182,4472
16170,3,364,1182,4505
13758,2,593,1180,4500
13047,2,486,1180,4500
12371,1,1914,1178,4470
14766,2,574,1178,4480
15372,1,937,1174,4469
15978,1,1926,1173,4450
17876,1,1454,1171,4454
15984,3,378,1168,4454
16732,1,1643,1168,4443
15903,1,988,1166,4438
15649,3,450,1162,4396
13418,3,448,1162,4429
16709,2,702,1158,4412
18118,3,338,1155,4375
13523,2,693,1153,4356
16938,1,900,1151,4381
18026,1,1619,1148,4348
16983,3,422,1148,4356
18075,4,289,1143,4349
17426,1,1384,1141,4337
15321,1,929,1139,4337
17068,7,169,1138,4335
15067,1,1667,1131,4291
12615,1,1261,1131,4297
16919,5,220,1128,4290
13451,2,694,1128,4294
14329,2,674,1128,4299
13329,1,1044,1128,4296
12625,1,1841,1127,4275
16772,1,1553,1124,4274
16985,2,553,1122,4275
14085,3,379,1118,4264
14449,2,469,1114,4225
16242,2,694,1111,4229
13555,2,693,1111,4231
12823,2,491,1110,4230
12424,1,1381,1109,4204
13141,2,502,1108,4225
14461,2,550,1103,4204
13958,1,1020,1103,4202
13031,2,639,1102,4191
12567,2,651,1102,4197
17974,2,494,1101,4167
13999,3,332,1095,4175
12957,1,1270,1089,4147
16558,3,331,1088,4150
17975,5,224,1088,4137
14101,2,572,1086,4135
13869,1,778,1082,4121
17049,2,538,1081,4119
15179,2,663,1079,4114
15955,2,493,1078,4107
14014,1,1422,1077,4084
17625,1,1186,1075,4094
16223,2,619,1072,4047
13969,4,250,1071,4081
13267,3,385,1061,4044
15876,1,877,1059,4007
15377,2,500,1058,4006
16993,1,1500,1056,4004
14001,3,413,1054,4004
13297,1,892,1053,3998
14113,2,476,1049,3999
17092,1,733,1049,3995
17146,2,464,1049,3996
16992,2,550,1048,3991
15392,2,542,1047,3966
17696,3,314,1046,3990
15465,3,352,1043,3975
16103,3,330,1040,3965
17838,2,446,1039,3957
15142,2,598,1038,3943
16749,0,2487,1038,3944
16904,3,310,1036,3927
16316,2,475,1034,3929
17576,4,246,1033,3940
16556,2,512,1031,3929
12468,1,1373,1030,3917
17857,1,1627,1030,3907
15544,3,384,1028,3919
17822,1,1327,1028,3896
12835,7,161,1027,3919
13148,2,467,1026,3912
14442,1,1042,1024,3896
15998,2,512,1018,3881
14744,2,460,1016,3865
17739,2,461,1015,3868
15547,2,461,1013,3860
13554,3,318,1012,3843
13576,2,459,1012,3858
13599,2,559,1011,3852
14844,1,834,1010,3840
16005,3,323,1007,3825
13107,1,816,1007,3833
12683,2,681,1006,3833
14934,1,773,1006,3802
13722,1,921,1004,3820
13049,2,617,1004,3791
14755,2,460,1003,3825
15521,1,742,1003,3819
13815,1,961,1002,3814
14930,1,1070,1002,3807
17448,1,840,1001,3815
12843,4,256,1001,3817
16186,3,361,1000,3813
18231,4,241,998,3804
12422,2,444,997,3801
16182,1,749,997,3795
13983,2,491,994,3788
17702,2,600,993,3750
12747,3,317,992,3784
15867,3,312,991,3779
16401,3,340,990,3768
14688,4,253,989,3759
12643,2,580,987,3758
17671,2,483,987,3724
17308,1,815,987,3732
15719,4,285,985,3757
14769,2,528,983,3747
15502,1,682,980,3726
15123,1,1099,979,3721
14564,1,1969,978,3715
13334,1,1870,976,3705
17145,1,1222,976,3710
12510,1,780,974,3713
15384,1,1352,974,3692
18245,3,391,974,3708
15674,2,593,972,3704
17811,4,265,971,3689
17829,1,907,969,3688
16570,2,450,969,3689
13654,1,901,968,3687
15194,3,379,966,3683
12408,1,692,965,3661
13015,1,656,964,3668
15298,2,403,963,3672
13384,2,551,963,3656
12867,1,743,962,3664
16636,1,884,959,3651
14390,3,379,959,3637
16065,3,327,958,3639
13032,2,458,956,3626
12782,2,415,955,3632
12865,1,870,954,3610
12971,6,158,952,3631
15299,1,977,950,3618
15351,2,390,949,3600
17307,2,392,946,3606
15768,2,502,945,3605
14332,2,631,944,3568
14227,1,915,944,3593
14648,3,366,942,3591
15805,2,512,942,3589
13044,2,467,940,3582
15129,3,317,937,3569
15673,1,732,935,3561
16314,2,600,935,3546
14135,2,429,935,3564
16539,3,372,934,3554
15622,1,705,930,3541
16858,2,453,929,3540
17873,2,414,928,3539
16010,5,208,927,3519
17965,3,275,925,3525
15934,1,709,923,3489
15727,2,570,923,3517
14756,1,647,922,3486
17732,3,307,922,3503
16253,1,850,921,3509
16283,1,1077,921,3503
14081,1,626,919,3502
14944,1,718,917,3492
18041,4,241,916,3492
15077,0,1893,915,3474
17457,2,498,910,3470
15750,2,419,910,3469
14291,1,621,909,3462
18064,2,555,906,3450
16532,1,1397,905,3432
13854,3,306,903,3444
13883,2,494,903,3443
15614,1,1000,903,3431
14970,2,609,902,3434
13970,1,682,900,3403
12839,3,350,900,3431
14060,3,327,897,3418
17508,1,616,897,3418
12633,1,714,897,3403
13115,2,508,896,3408
16945,2,442,893,3402
13756,2,435,892,3399
12349,1,881,890,3381
13464,1,754,889,3381
15678,1,988,889,3366
13136,1,817,889,3384
15043,2,503,888,3375
15722,1,667,886,3374
13590,2,408,885,3375
15757,1,602,884,3360
16701,3,351,884,3370
16228,2,536,884,3337
15752,2,525,884,3349
13426,2,400,883,3366
17672,1,882,882,3356
13593,2,441,881,3357
12406,1,1151,881,3351
15125,1,639,879,3345
13658,1,853,877,3338
15694,2,367,877,3343
16735,2,533,876,3339
14852,2,493,876,3334
12393,1,628,874,3305
16954,2,362,873,3328
16200,1,605,872,3324
16722,2,399,871,3322
13230,4,207,870,3317
17593,1,690,870,3314
14286,1,1231,868,3301
14221,2,454,866,3297
13446,3,340,866,3300
12734,2,489,866,3269
16499,2,413,862,3279
13317,2,387,861,3282
12876,1,1193,859,3257
14882,3,325,858,3267
12637,2,575,857,3258
13692,1,613,856,3235
13183,2,537,856,3257
16503,2,397,855,3249
15365,1,1054,853,3242
16045,1,619,852,3234
14525,2,515,852,3245
16336,1,951,851,3236
13831,3,329,851,3244
12913,2,471,850,3242
17353,1,1414,849,3223
16775,3,261,848,3221
13082,2,452,848,3232
16033,3,248,848,3222
14282,3,329,847,3229
17091,2,378,847,3229
16128,2,419,847,3219
12656,1,776,847,3217
17157,3,304,847,3229
17365,2,511,843,3211
12759,1,781,842,3207
12490,2,387,841,3207
14535,2,552,841,3201
17611,2,359,841,3205
14932,2,446,840,3173
13394,2,387,840,3203
18061,4,241,839,3200
14817,1,603,839,3192
12720,2,405,838,3186
12857,1,843,838,3190
17096,2,361,838,3187
15906,2,479,834,3161
15482,1,577,832,3170
16700,2,417,831,3167
14510,1,619,830,3137
14685,1,869,830,3160
17567,1,634,829,3135
14709,2,378,828,3155
13118,2,354,827,3137
18093,1,709,826,3142
12721,1,740,826,3125
17366,1,746,826,3123
13263,3,306,825,3128
12469,1,1358,825,3126
12838,3,318,825,3140
17802,2,558,824,3139
17231,2,346,824,3140
13996,2,495,820,3095
13213,2,423,819,3117
14907,2,408,818,3113
17655,2,386,817,3094
14388,2,405,816,3111
15785,2,487,813,3100
17230,1,678,813,3098
14210,2,378,812,3094
15946,1,1401,811,3077
16592,2,433,810,3087
18194,1,670,810,3083
13665,1,594,808,3064
13542,3,242,807,3077
13386,1,638,805,3044
17757,6,143,803,3062
12873,1,1415,803,3047
17730,2,442,803,3054
12662,3,302,802,3056
12836,2,403,800,3050
16409,2,542,800,3049
14440,2,491,799,3044
17238,3,274,797,3038
17700,2,441,797,3037
13659,2,371,795,3030
15641,2,485,795,3028
12431,2,331,794,3025
14857,1,899,793,3016
13357,1,910,793,3013
13985,2,471,792,3018
13501,1,1158,792,3004
17692,2,325,792,3012
13634,2,364,790,3009
16125,3,282,788,3005
16303,1,692,788,2998
16003,1,884,788,3000
16670,2,477,788,3002
16094,2,393,787,2997
15812,2,535,787,2999
16563,1,735,787,2997
17663,2,321,785,2991
15898,4,192,785,2993
15992,1,653,785,2968
17396,4,209,783,2974
16016,3,267,783,2965
18239,1,537,782,2954
16521,1,1284,782,2967
14885,1,723,782,2957
13771,1,789,781,2973
14379,1,734,781,2956
17769,2,487,780,2973
14841,2,480,780,2973
13371,1,1352,780,2959
15638,1,534,779,2965
16477,2,344,779,2959
17870,2,401,779,2939
16153,2,397,778,2961
16053,1,819,778,2957
14127,2,390,778,2946
13552,2,520,778,2961
16062,1,642,775,2942
13269,2,428,774,2951
14530,2,349,774,2949
13696,1,942,773,2938
16833,1,1207,771,2924
14493,1,575,770,2932
16940,1,713,768,2926
16571,2,416,768,2925
12676,2,522,768,2912
15571,2,420,766,2920
15532,2,371,766,2913
16767,1,602,766,2911
13052,1,592,764,2909
17004,1,542,763,2883
13495,1,597,760,2896
13299,1,885,760,2878
18094,1,660,759,2891
17640,1,543,758,2887
17346,3,229,755,2875
14498,2,431,755,2869
16710,3,295,754,2876
12928,2,365,754,2867
16036,1,1158,753,2858
17756,2,308,753,2850
15394,1,583,752,2866
16145,2,316,752,2863
18287,1,701,752,2857
16444,3,245,752,2865
15791,1,928,751,2854
14309,1,933,751,2845
13953,1,688,751,2859
15538,1,584,751,2859
14740,2,381,750,2856
15265,0,1882,750,2848
16497,2,318,748,2853
15633,2,352,748,2851
12374,1,1047,745,2826
14560,4,215,743,2834
12870,1,807,743,2823
12635,1,624,742,2807
14625,2,442,741,2823
13888,1,702,740,2811
17553,1,800,740,2811
15755,2,338,739,2819
15525,2,386,737,2783
15271,4,181,737,2802
14443,2,373,735,2773
12605,2,347,734,2786
13291,2,316,734,2797
15269,2,412,734,2770
16529,1,640,734,2785
13931,1,582,733,2794
17931,2,342,733,2794
17223,2,360,733,2766
14708,2,430,732,2774
18229,2,403,730,2784
16350,3,294,730,2767
17069,1,677,729,2777
15581,4,200,729,2779
13425,1,1150,727,2758
15506,2,476,727,2758
13520,1,560,727,2771
15708,2,363,727,2753
16458,4,196,727,2766
13562,1,745,726,2765
14346,1,759,726,2749
18069,1,552,726,2763
16972,1,604,725,2744
16726,2,471,725,2741
16817,3,245,725,2751
14585,3,272,725,2748
17594,1,1090,724,2748
13134,1,500,723,2734
15485,1,814,723,2754
17082,1,1000,723,2749
16347,2,352,722,2751
12631,1,746,721,2746
13534,3,244,721,2741
15973,2,367,719,2723
17491,2,346,718,2735
13849,1,782,717,2725
16083,2,398,717,2706
17799,2,431,717,2731
15390,2,468,715,2701
17618,2,391,714,2722
14514,1,558,714,2719
13131,1,874,713,2712
14532,2,456,713,2716
17612,2,317,713,2717
18065,2,323,712,2715
15493,1,663,712,2710
15122,2,375,711,2707
12849,1,557,710,2701
15002,1,516,710,2705
14825,4,206,710,2703
13209,1,618,709,2700
12910,1,605,709,2696
16229,1,510,708,2693
18257,1,675,708,2695
13870,1,484,708,2698
16208,2,360,708,2696
15834,1,494,708,2675
14868,2,344,708,2680
12917,1,785,707,2694
15796,2,294,706,2690
17306,2,442,705,2661
13875,2,420,705,2685
14593,1,552,704,2684
14776,2,314,704,2669
17921,2,298,703,2672
14092,2,342,703,2678
14189,2,383,702,2651
14044,1,583,701,2668
16129,1,523,697,2646
14441,2,435,695,2649
17138,1,479,695,2647
14963,2,309,695,2642
14295,1,776,694,2643
15221,1,617,694,2640
15629,1,586,694,2635
14431,1,883,694,2639
14847,1,897,694,2629
12369,1,793,693,2636
14824,2,436,693,2637
16032,2,323,691,2627
14499,2,344,690,2619
15421,1,543,690,2628
14209,2,341,689,2627
17644,2,321,689,2625
16655,2,419,689,2623
12806,1,541,688,2618
16717,1,471,687,2620
17690,2,412,684,2606
15680,2,420,683,2604
15290,2,391,683,2601
13975,1,473,683,2600
14159,2,418,682,2598
18066,2,455,681,2574
13527,1,571,681,2593
18060,1,881,680,2579
13510,1,519,680,2591
17132,1,729,679,2571
17863,2,387,678,2583
17469,2,364,677,2579
17673,2,418,676,2573
13901,2,435,675,2573
17930,2,336,675,2571
16718,1,622,675,2570
16607,3,235,675,2569
14829,2,358,673,2550
16979,2,387,673,2549
17001,2,357,672,2560
15569,1,511,672,2556
14700,1,660,671,2540
13929,2,425,670,2554
16101,1,614,669,2540
17519,2,336,668,2545
14515,2,381,668,2538
12986,2,417,667,2541
14465,2,382,667,2542
12863,2,430,666,2535
12553,1,464,663,2506
14047,2,355,661,2518
17059,1,544,661,2515
13979,1,614,660,2514
16468,1,747,658,2492
15249,1,471,657,2500
16325,2,363,657,2504
15811,2,357,657,2479
16007,1,557,656,2492
14147,1,487,655,2492
17360,1,487,654,2472
17897,2,301,653,2487
16232,1,574,653,2479
14953,1,517,652,2466
13491,4,186,651,2483
12423,1,569,651,2464
16467,1,471,650,2478
17198,2,308,650,2453
13769,2,317,650,2478
13037,2,399,649,2475
17685,2,439,649,2470
15527,2,290,649,2472
13478,1,649,648,2466
16156,2,358,647,2467
16351,2,274,647,2465
17470,3,235,646,2457
16275,1,1092,646,2453
17550,1,519,646,2460
14257,1,591,645,2455
13018,1,592,643,2446
17666,1,555,642,2437
15652,2,344,641,2434
15367,1,502,640,2439
15529,2,364,640,2416
15255,1,443,640,2438
16012,1,733,639,2422
13993,2,352,639,2435
14107,1,714,638,2431
12417,2,291,637,2430
16795,1,803,637,2424
14540,2,388,637,2428
17422,2,343,637,2422
17083,1,435,637,2426
17754,1,433,637,2427
16848,1,464,636,2402
16042,1,519,635,2400
16308,1,880,634,2413
15596,2,298,634,2408
14451,2,287,633,2412
14112,1,494,633,2409
17819,1,491,632,2408
13450,2,316,632,2405
14702,3,244,631,2405
17646,2,307,631,2404
14304,1,818,631,2391
13851,1,623,631,2400
13786,1,500,630,2401
15245,2,415,630,2397
17694,1,979,628,2380
12976,2,424,627,2388
16105,1,516,627,2383
17019,1,434,626,2386
14206,2,386,626,2363
17400,1,961,625,2378
13246,2,326,624,2373
13987,2,375,624,2356
13395,1,441,623,2356
18109,5,137,622,2368
14334,1,458,621,2362
17738,2,385,621,2365
17861,2,306,620,2364
17913,2,284,619,2361
16676,1,433,619,2339
15572,1,637,619,2351
17669,1,677,618,2351
12613,1,561,617,2351
17894,5,137,615,2338
16770,2,259,614,2333
14065,2,320,614,2328
18145,1,421,614,2341
13253,1,1154,614,2332
17412,2,308,614,2340
13963,4,160,614,2338
13920,1,444,613,2330
15182,1,475,613,2333
15199,2,323,612,2329
16353,3,238,612,2333
16455,1,429,612,2327
16523,1,434,611,2326
17602,2,333,611,2325
16331,1,554,609,2316
12530,1,456,608,2312
13632,1,639,607,2308
17311,1,594,607,2310
17287,3,237,604,2303
15819,1,534,604,2297
12483,2,265,603,2298
15494,1,859,603,2295
13884,2,301,602,2283
17167,2,336,600,2276
16383,1,484,598,2279
15074,1,561,598,2264
16239,2,290,598,2270
14469,1,594,598,2277
16293,1,546,598,2278
12872,2,273,596,2271
15574,2,366,595,2257
15734,1,750,595,2255
14732,2,295,595,2268
13823,1,538,594,2264
12813,1,794,594,2258
16950,2,325,593,2261
12696,1,654,593,2245
14590,4,163,593,2260
17951,2,364,593,2238
13239,2,350,592,2249
14796,2,265,592,2257
15628,2,319,592,2256
13635,1,850,591,2250
16276,1,930,591,2243
17548,2,246,591,2237
17191,2,364,591,2251
16209,2,400,590,2243
16004,1,601,590,2245
16584,1,713,590,2243
12389,1,698,590,2243
15027,1,421,589,2242
15606,2,295,589,2244
12779,1,407,589,2245
13444,1,608,589,2229
16059,2,265,588,2238
14850,1,548,588,2234
12391,1,568,588,2238
17372,4,153,588,2242
13431,1,460,588,2237
16190,2,398,587,2238
12862,1,609,587,2222
15189,2,288,587,2230
14524,1,412,586,2215
13048,1,486,586,2231
14170,2,241,585,2212
14057,1,543,584,2225
18074,1,599,583,2209
12725,1,447,583,2218
14235,1,660,583,2216
14236,2,339,582,2210
16743,2,294,581,2212
15471,1,707,581,2202
13108,1,430,581,2196
16341,1,615,581,2207
14180,3,195,580,2208
15983,1,456,579,2205
17241,3,225,579,2205
14344,4,163,579,2204
15665,1,650,577,2195
17651,2,379,577,2192
14713,2,264,577,2198
16340,1,738,576,2184
12586,1,794,576,2191
17419,2,354,576,2193
12455,1,631,575,2191
17032,1,566,574,2188
12708,2,307,574,2189
13485,2,352,574,2187
14649,1,479,573,2183
15222,2,287,572,2181
15809,1,720,572,2167
13750,2,341,572,2176
14639,1,687,572,2174
15976,1,396,571,2170
12388,1,805,570,2163
18277,1,404,570,2163
15967,2,316,570,2173
17126,2,279,570,2162
14878,3,201,570,2170
15306,1,399,568,2163
14657,1,466,568,2147
14038,1,983,568,2156
13809,1,488,568,2147
12582,1,772,567,2151
12739,2,330,567,2141
13995,2,303,567,2159
14770,2,379,566,2155
12712,2,280,566,2157
15625,2,313,566,2151
15079,1,443,565,2153
17449,1,443,565,2153
15057,1,804,564,2146
14631,1,386,564,2139
14229,2,363,564,2138
16067,1,783,563,2142
16081,1,549,563,2143
13506,2,268,563,2135
12982,2,284,562,2141
17242,1,722,562,2139
16098,2,336,561,2139
17552,2,299,560,2131
16221,3,185,559,2126
15203,2,340,559,2132
15996,2,324,559,2109
12853,1,546,558,2123
14205,2,356,558,2123
13377,1,901,558,2116
17465,1,443,556,2120
14492,2,294,556,2116
14555,1,604,556,2116
14869,1,606,555,2113
12594,1,419,555,2112
13300,1,732,555,2103
14481,1,692,554,2109
12523,2,232,553,2110
16400,2,336,553,2108
15353,1,439,553,2106
17526,2,329,552,2105
16143,1,376,552,2102
16205,1,468,551,2091
16625,2,374,550,2092
15240,1,379,550,2097
15215,1,459,550,2092
14626,1,376,550,2096
16176,1,470,549,2089
14466,2,371,548,2087
16931,2,228,548,2073
13647,1,593,547,2080
16418,1,396,547,2066
13719,2,285,547,2080
16588,1,407,546,2078
14546,1,430,546,2081
12935,2,276,546,2078
12916,1,698,546,2075
16531,2,236,545,2069
12458,1,551,545,2064
17667,1,512,545,2074
14891,1,431,544,2057
13196,1,590,544,2067
17402,2,265,544,2073
17728,1,457,543,2055
14665,1,775,543,2060
16335,1,427,543,2068
13836,2,368,543,2050
12516,1,791,542,2056
13772,1,504,541,2057
15031,2,329,540,2059
17758,1,398,540,2052
16933,1,423,540,2057
17341,1,629,539,2041
17621,2,284,539,2040
16150,1,414,538,2051
17708,1,386,537,2031
12609,1,411,537,2047
14409,1,390,537,2040
15858,2,291,536,2042
14099,2,291,535,2039
17213,2,361,535,2038
15730,1,390,535,2022
17720,2,248,534,2034
16255,2,292,534,2035
17629,1,371,534,2017
15704,1,835,533,2023
13842,2,276,533,2032
13421,1,509,533,2029
12817,1,405,533,2015
14655,1,536,533,2024
17714,2,325,532,2022
15985,1,386,532,2023
15381,1,520,532,2021
14701,1,537,532,2023
12963,2,270,531,2018
15712,1,369,531,2023
15908,1,703,531,2009
14696,1,362,531,2005
12623,1,387,530,2020
15038,3,209,530,2008
15646,2,241,529,2002
16290,1,395,528,2007
17848,4,145,527,2011
16282,1,1061,527,2003
13799,2,299,527,2006
17682,2,334,526,2002
17924,2,343,525,1983
17406,2,261,525,1999
17442,2,272,524,1997
13559,1,806,524,1986
15518,2,350,524,1996
15046,2,241,524,1996
16841,1,383,523,1994
16108,1,587,523,1989
16590,1,356,523,1976
16466,2,258,522,1988
14307,1,480,522,1988
12377,1,718,522,1978
18097,1,470,521,1985
18168,2,239,521,1986
14290,1,732,520,1978
17597,1,399,519,1972
14350,1,376,518,1959
16250,2,279,517,1953
14035,1,431,516,1964
17588,1,461,516,1964
17633,3,204,516,1953
17314,2,285,515,1964
13077,2,311,515,1964
17525,1,377,515,1947
14375,1,649,515,1950
18044,3,200,514,1958
12840,1,641,514,1954
15051,1,408,512,1951
13266,2,345,512,1950
13649,2,268,512,1946
13663,1,466,512,1946
15347,2,216,511,1938
12645,1,494,511,1945
13652,1,595,510,1938
17774,1,408,510,1940
15100,1,374,509,1940
15551,1,351,509,1935
13012,1,512,509,1933
14075,1,431,509,1931
17429,1,373,508,1919
13982,1,361,506,1929
12358,1,709,506,1924
16586,1,820,506,1919
17521,1,381,505,1911
16916,2,238,505,1913
13571,3,183,505,1926
18286,1,1017,505,1918
15210,1,664,504,1912
15789,1,436,503,1915
13094,2,276,503,1900
15366,1,385,502,1912
14401,2,272,502,1914
15028,3,205,502,1899
16177,2,327,501,1908
12360,1,386,500,1904
13803,1,768,500,1896
17616,1,401,500,1890
13154,1,708,500,1901
12418,1,555,499,1898
12951,2,254,499,1903
17235,2,213,498,1894
13557,2,247,497,1893
16791,1,344,496,1892
15798,1,643,496,1887
14129,1,376,496,1887
14211,1,340,495,1888
14507,1,453,495,1887
15944,1,688,495,1883
16011,3,182,494,1885
13280,1,567,494,1879
17063,1,394,494,1883
14341,1,345,494,1883
16860,1,602,494,1878
14967,1,706,493,1876
14758,1,517,492,1872
15824,1,607,492,1865
13214,2,278,492,1874
15389,1,490,492,1873
18188,1,539,492,1870
16147,1,479,492,1872
14161,1,446,491,1871
16172,1,404,491,1863
14988,2,281,490,1867
15886,1,706,490,1860
18258,2,311,490,1863
13021,2,299,489,1865
17585,1,338,489,1856
14230,1,617,489,1854
15081,3,174,489,1859
13838,1,368,487,1853
12802,2,253,487,1853
15111,1,483,487,1849
16218,2,214,487,1851
15535,1,401,486,1838
16912,1,540,486,1849
13361,1,774,485,1841
13481,1,450,485,1848
15590,1,396,484,1842
17320,1,487,484,1843
17862,1,439,483,1836
17796,3,186,483,1830
16611,1,359,483,1838
14506,1,489,483,1834
13971,1,341,482,1836
13762,1,610,482,1835
17218,2,236,482,1835
14837,1,402,481,1831
15514,1,332,480,1829
13546,1,336,479,1809
14225,1,495,478,1819
12724,1,394,477,1811
14897,1,523,477,1816
14233,1,559,477,1813
16202,1,380,477,1816
12600,2,200,477,1817
16748,2,259,477,1816
14909,1,579,476,1811
16393,2,219,476,1814
13824,2,261,476,1812
13763,1,376,476,1799
15854,2,258,475,1812
16736,1,454,474,1806
17834,1,391,474,1792
16435,1,733,473,1791
13330,1,565,472,1795
17884,3,172,472,1800
12359,1,375,472,1798
14301,1,575,472,1795
13059,2,219,471,1795
15810,1,459,471,1793
18215,1,409,471,1791
17188,1,372,470,1791
16631,2,317,470,1788
15084,1,753,469,1781
16906,1,638,469,1779
13338,1,661,469,1784
17999,2,236,469,1770
16861,1,351,469,1779
15681,2,239,469,1782
15095,1,392,468,1782
12975,1,435,468,1783
15728,1,365,468,1768
13173,2,254,468,1782
16271,1,355,467,1779
14186,1,353,467,1777
12868,3,188,467,1766
16391,1,334,466,1772
17713,1,318,466,1771
13473,1,484,465,1773
17929,1,318,465,1771
18170,1,341,464,1769
16797,1,433,464,1769
15972,1,381,464,1766
15965,2,256,464,1769
18259,1,426,463,1765
15015,2,228,463,1766
14265,1,722,463,1756
15241,1,550,463,1760
14160,1,819,463,1762
16206,2,253,463,1762
13320,1,457,462,1750
16825,1,380,462,1753
13126,2,298,462,1758
17113,1,474,462,1758
13414,1,487,462,1754
15623,1,315,461,1757
16057,1,634,461,1753
15617,1,344,461,1749
17028,1,707,461,1753
16686,1,317,460,1754
16554,1,417,460,1751
14199,1,378,460,1745
16903,2,305,459,1734
14496,2,286,459,1748
14687,1,566,458,1737
13276,1,524,458,1742
12412,1,386,458,1739
16835,2,277,458,1740
16374,1,451,458,1738
15443,2,264,457,1741
15356,3,177,457,1733
13439,1,513,457,1731
17952,1,537,456,1729
16677,1,755,456,1730
17046,1,498,456,1732
12874,1,562,455,1725
16211,1,369,455,1721
16560,1,357,455,1732
16246,1,807,454,1725
14399,2,243,454,1730
12797,1,313,453,1713
17101,1,395,453,1721
13152,2,287,452,1722
16395,1,311,452,1722
13611,1,311,450,1715
16875,1,392,450,1712
16975,1,337,450,1706
16520,1,410,449,1710
16719,2,270,449,1713
16054,1,482,449,1705
14916,1,382,448,1703
16823,1,356,447,1705
14867,2,189,447,1706
16372,1,467,447,1700
18116,3,134,447,1695
15248,1,370,446,1693
12978,1,408,446,1698
17115,1,529,446,1697
16329,1,505,446,1697
14533,1,370,445,1694
14854,1,448,445,1695
16104,1,307,445,1697
15059,2,244,445,1697
18193,1,344,445,1681
15764,1,440,444,1682
16918,2,246,444,1694
14748,2,285,444,1692
12639,1,700,444,1686
13945,1,416,444,1681
13455,1,407,444,1691
17623,1,345,444,1691
16197,2,243,443,1689
14640,1,446,443,1684
13614,1,544,442,1677
17473,1,380,442,1673
18096,1,347,442,1678
15425,1,420,440,1676
14534,2,213,440,1677
17478,1,693,440,1669
14217,3,172,439,1671
14562,2,263,439,1673
14898,2,242,439,1673
13117,3,142,439,1671
12352,2,248,438,1652
14326,1,551,437,1657
14734,1,305,437,1662
16416,1,337,437,1663
16612,1,406,437,1663
16087,1,365,436,1659
16307,1,418,435,1652
15563,1,571,435,1654
13541,1,582,434,1647
12727,1,517,434,1651
16121,1,556,433,1643
15117,1,703,433,1644
13577,2,293,433,1650
13155,1,300,432,1639
16742,2,184,432,1645
14248,1,513,432,1634
15062,1,360,431,1641
18009,1,342,431,1641
17482,1,643,431,1634
13693,2,235,431,1641
16174,1,367,430,1636
13567,1,368,430,1632
13140,1,298,430,1630
16777,1,480,429,1632
16771,1,398,429,1634
16465,1,356,429,1621
15107,2,195,429,1626
16300,1,535,429,1630
13760,1,429,429,1628
14912,1,541,428,1629
13537,1,371,428,1618
14430,1,716,428,1622
17190,1,492,427,1625
16225,2,204,427,1627
17293,2,262,426,1625
16961,1,488,426,1613
14293,1,389,425,1620
17545,1,567,425,1612
12805,1,415,425,1617
13848,1,333,425,1619
15101,1,369,423,1609
12726,1,364,423,1609
16515,2,232,422,1606
16608,1,735,422,1600
16450,0,959,421,1598
16522,1,375,421,1591
15777,1,389,421,1598
12649,1,358,420,1600
13911,2,172,420,1601
14032,1,325,420,1601
13880,2,248,420,1597
15865,1,782,419,1592
16883,3,127,419,1598
16788,1,514,419,1594
17512,1,289,419,1596
13561,2,190,419,1596
16407,2,219,419,1586
14228,1,366,419,1589
14870,1,419,418,1592
15677,1,378,418,1580
13305,2,230,417,1589
13736,1,467,417,1586
15716,2,253,416,1586
13435,1,419,416,1574
16485,1,466,416,1582
15312,2,247,414,1578
12379,1,491,413,1566
16124,1,584,413,1572
14686,1,696,413,1566
13138,2,239,412,1557
17596,2,278,412,1571
13258,2,248,412,1557
13397,1,347,412,1570
15288,1,326,412,1569
18022,2,279,411,1564
15363,1,401,411,1558
17002,1,475,411,1563
14130,1,573,411,1564
14794,1,283,411,1558
14693,2,185,410,1561
12598,1,486,410,1560
12811,1,291,410,1549
15827,3,160,410,1561
15339,1,397,410,1558
16568,1,665,409,1553
13785,2,256,409,1551
14628,1,521,409,1554
15842,1,462,408,1546
15253,1,400,408,1550
17000,2,265,407,1539
16634,1,339,407,1549
12395,1,328,406,1545
14152,1,382,405,1542
14548,1,460,405,1541
13065,2,228,405,1538
15261,2,213,404,1529
12701,1,391,403,1535
15073,1,332,403,1534
13946,1,569,403,1532
15971,1,316,402,1533
14064,2,201,402,1532
16134,1,342,402,1526
17635,1,401,401,1525
16049,1,308,401,1522
16254,1,445,401,1523
18214,1,376,401,1523
15422,1,321,401,1525
15602,2,245,399,1522
12765,2,262,399,1520
15803,1,501,399,1517
12820,1,275,399,1520
15114,1,275,399,1507
14838,1,800,398,1514
16470,1,311,398,1518
15252,1,421,398,1513
14316,1,350,398,1514
13662,1,374,398,1514
15916,1,311,398,1515
14984,1,518,397,1512
17582,1,346,397,1511
16281,1,710,397,1507
12937,1,373,397,1512
16365,1,270,397,1512
17853,1,564,396,1508
17062,2,169,396,1503
15329,2,237,396,1509
14321,1,381,396,1497
13705,1,282,396,1505
13889,1,329,395,1506
17003,1,378,395,1502
15747,1,283,395,1505
14904,1,294,395,1493
14239,2,198,395,1505
18220,1,357,394,1501
17866,1,801,394,1496
13333,1,470,394,1498
16048,1,341,394,1496
15021,2,222,393,1492
14790,1,306,393,1496
17020,1,756,392,1487
16905,2,193,392,1494
16384,1,557,392,1486
14400,1,614,392,1486
12733,1,502,392,1490
13728,2,194,391,1491
17363,2,245,391,1477
14682,1,382,391,1487
17659,3,150,391,1477
14901,2,183,390,1484
13538,1,317,390,1486
14275,1,266,390,1484
13800,1,785,390,1481
15600,1,310,389,1480
12670,1,659,389,1477
13797,1,455,389,1478
16264,1,345,389,1470
16021,1,467,389,1473
18057,1,499,389,1478
15550,1,308,389,1481
13874,1,282,389,1480
17414,1,438,388,1479
17578,1,266,388,1475
13203,1,299,388,1479
15862,2,260,388,1477
14195,1,439,388,1474
16650,2,200,387,1473
16445,2,253,387,1463
14550,1,367,387,1465
16926,2,202,387,1471
18144,2,231,387,1474
13313,1,313,387,1473
12591,2,249,386,1460
14978,2,252,386,1468
14215,1,427,385,1465
14176,2,198,385,1452
17034,1,418,384,1454
14000,1,433,384,1462
15969,1,438,383,1451
17029,1,302,383,1458
14327,1,329,383,1458
16411,2,195,383,1450
16086,1,303,382,1455
16638,2,164,381,1448
14177,2,249,381,1451
17492,1,482,380,1439
15325,2,255,380,1446
14312,2,182,380,1442
17244,1,746,379,1441
14285,1,435,379,1443
16960,1,287,378,1440
17071,1,378,378,1439
15380,1,263,378,1441
13402,1,344,378,1436
16043,2,199,378,1435
18095,1,387,377,1434
17676,1,265,377,1436
16755,1,423,377,1435
16369,1,316,377,1432
15227,1,333,377,1433
12997,1,313,376,1430
17147,1,324,376,1430
17515,2,214,375,1427
13655,1,293,375,1425
17456,1,308,375,1417
15160,2,183,375,1418
12926,1,411,374,1425
13192,1,508,374,1423
15441,1,525,374,1423
18141,1,520,374,1418
13783,1,374,374,1422
17123,1,508,373,1414
12664,0,781,373,1416
17259,1,347,373,1418
15141,2,230,372,1418
14408,1,420,372,1417
15910,2,232,372,1417
15792,1,560,371,1409
13648,1,258,371,1415
14821,1,301,371,1413
13434,1,437,371,1409
15413,0,1630,370,1411
12809,0,774,370,1406
13029,1,408,370,1403
17905,2,180,370,1410
12711,0,964,370,1404
17050,1,305,370,1408
16326,2,163,369,1406
16675,1,371,369,1396
16088,0,870,368,1397
15259,1,485,368,1400
12500,2,223,368,1402
16893,2,182,368,1387
17179,1,332,367,1394
15456,1,251,366,1397
15807,1,626,366,1390
16872,2,231,366,1386
14695,0,777,365,1387
15434,1,258,365,1389
15953,2,167,365,1390
16235,2,182,364,1382
14420,1,469,364,1384
15105,1,570,364,1380
16623,1,363,364,1382
15173,2,189,364,1384
12484,1,263,363,1384
14653,1,350,363,1383
15887,1,323,363,1378
13919,1,440,362,1373
17321,1,345,362,1376
15795,1,261,362,1379
17165,1,331,362,1378
17421,1,511,361,1375
14136,1,333,361,1376
15167,1,447,361,1373
17603,1,610,361,1374
14467,2,222,361,1376
18077,2,219,361,1375
16859,1,330,361,1372
13711,2,243,360,1371
14553,1,272,360,1366
17211,1,279,360,1370
16807,1,401,360,1367
17262,1,278,359,1368
17228,2,197,359,1366
16889,1,329,358,1360
12588,1,509,358,1357
18196,1,590,358,1358
14608,1,282,358,1363
13410,1,397,358,1361
17534,1,335,357,1360
18242,1,372,357,1360
17817,2,175,356,1350
17420,2,153,356,1347
15580,2,188,356,1355
14922,1,373,356,1347
14623,2,238,356,1353
17289,2,226,356,1354
14021,1,279,355,1351
17180,2,222,355,1352
16461,0,839,354,1344
13240,1,327,354,1346
14013,1,536,354,1342
12908,1,390,353,1343
14669,1,633,353,1343
15841,1,322,352,1340
13156,1,437,352,1338
15011,1,240,352,1328
13092,2,209,352,1339
15426,1,271,351,1336
16231,1,280,351,1336
15885,3,133,351,1338
17742,2,195,351,1337
13617,2,164,351,1332
14256,1,674,350,1330
13939,1,294,350,1332
18085,1,384,350,1330
14618,1,300,350,1329
16183,2,158,350,1325
14725,1,406,350,1325
13005,1,316,349,1321
14746,2,176,349,1322
16366,1,538,349,1328
15754,1,241,349,1328
17348,1,316,349,1327
17193,1,692,349,1324
17994,2,183,348,1324
13922,1,332,347,1315
13201,1,329,347,1321
13295,1,328,347,1318
16614,1,467,347,1314
13543,0,1039,346,1315
14810,2,177,346,1312
14389,1,345,346,1315
15030,2,222,346,1317
16227,1,482,345,1306
17239,1,275,344,1307
13034,2,206,344,1299
15186,1,456,344,1308
18025,1,241,344,1307
15133,1,376,343,1301
14741,2,229,343,1297
15235,3,106,343,1297
17679,1,398,342,1303
14690,2,224,342,1292
13211,1,269,342,1303
17432,1,318,342,1302
15658,1,383,342,1301
14489,1,364,342,1298
16799,1,305,342,1292
13813,1,396,341,1299
14644,1,383,341,1297
15279,1,334,341,1296
16115,1,254,341,1295
12854,1,407,340,1295
15013,2,161,340,1295
12960,1,323,340,1293
16576,1,385,340,1287
12915,1,334,339,1290
12419,2,223,339,1279
15373,2,185,339,1288
13650,1,337,338,1288
13857,2,207,338,1286
13863,1,347,338,1284
16163,1,314,338,1286
15587,1,236,338,1281
16510,1,243,338,1286
17047,1,477,337,1284
15990,1,268,337,1284
17342,1,325,337,1283
14599,1,355,337,1276
13477,1,340,337,1281
14651,2,209,336,1280
15814,1,484,336,1275
16899,2,198,336,1269
13074,1,379,336,1278
15058,1,258,335,1277
14115,1,618,335,1273
17513,1,319,335,1269
16619,1,395,335,1274
12958,1,457,335,1270
13895,0,715,335,1272
17460,3,127,334,1274
14679,1,469,334,1271
12924,1,228,334,1272
15879,1,364,334,1270
16392,1,429,333,1264
13643,1,228,333,1270
13778,1,327,333,1266
13623,1,310,333,1269
17978,1,369,333,1267
15272,1,320,332,1263
15489,1,281,332,1264
13406,1,525,332,1258
13605,1,433,332,1257
12866,1,400,331,1254
14896,1,228,331,1262
13407,1,474,331,1257
16551,1,363,329,1254
17041,1,471,329,1249
17220,1,334,329,1253
16096,1,379,328,1246
17021,2,183,327,1246
13709,1,340,327,1245
16130,1,277,326,1242
17150,1,257,326,1243
16595,1,331,326,1240
13916,1,324,326,1239
17075,1,254,326,1240
17851,1,259,325,1240
13310,2,199,325,1228
15268,1,508,325,1233
15026,1,258,325,1229
12644,1,424,325,1235
17048,1,332,324,1235
16934,1,277,324,1234
17961,9,35,324,1237
18219,2,197,324,1235
16863,2,204,324,1224
14894,1,657,324,1230
18247,1,361,323,1229
17018,1,361,323,1231
13748,1,301,323,1230
16034,2,148,323,1222
17642,1,458,322,1226
15793,1,300,321,1224
14006,1,321,321,1222
17768,1,456,321,1221
17205,1,418,321,1217
16654,1,221,321,1220
16489,1,239,319,1206
15732,2,170,319,1215
17413,1,418,319,1208
13393,1,399,319,1213
17954,2,193,318,1212
17222,1,277,318,1210
15696,1,264,318,1209
13202,1,217,317,1209
15660,2,190,317,1208
15872,1,385,317,1201
13959,1,240,317,1203
12970,1,447,316,1204
16437,1,228,316,1194
18276,1,289,316,1203
14396,1,294,316,1202
17987,1,217,315,1198
14478,1,354,314,1195
16907,2,164,313,1191
14692,2,145,313,1193
13278,1,329,313,1189
17325,1,504,313,1188
13145,1,250,312,1188
13677,1,347,312,1183
12576,1,250,312,1184
13085,0,751,312,1187
17300,1,293,312,1180
12539,1,609,312,1184
14915,2,191,312,1188
17886,1,312,312,1184
12399,1,357,311,1184
13855,1,354,311,1185
16040,1,259,311,1184
16496,1,343,311,1177
14276,1,372,311,1181
13443,1,219,310,1182
17580,1,214,310,1171
12778,1,317,309,1176
12632,1,503,309,1173
16996,2,148,309,1171
14987,1,246,309,1178
13110,1,290,309,1178
13900,1,336,309,1173
12993,1,372,309,1173
15519,1,244,308,1166
16518,1,393,308,1169
12745,1,399,308,1172
14487,2,156,308,1163
13569,2,156,308,1167
17610,1,302,308,1172
14202,1,335,308,1170
17560,1,291,308,1171
17540,1,246,307,1166
16679,1,263,307,1164
15579,2,160,306,1161
17351,2,186,306,1167
14404,2,204,306,1167
16155,2,203,306,1163
16085,2,191,306,1166
15064,1,331,306,1165
17095,1,336,306,1165
12577,1,433,305,1162
18244,1,327,305,1155
17746,1,478,305,1157
13103,1,420,305,1155
14452,1,337,304,1153
14508,1,357,304,1153
13042,1,489,304,1157
13871,1,330,304,1156
18106,1,401,303,1154
17496,1,434,303,1153
16935,2,148,303,1147
17097,1,217,303,1145
18171,1,321,303,1152
17388,1,207,303,1153
17135,1,228,303,1150
16471,1,355,302,1150
15860,2,150,302,1153
14902,1,375,302,1146
13472,1,406,302,1145
12932,1,219,302,1150
15611,3,114,302,1150
15331,1,493,302,1144
15636,1,407,302,1143
17438,1,274,301,1145
16317,1,583,301,1141
14615,2,170,301,1143
14264,1,250,301,1144
16601,1,457,300,1139
12599,2,159,300,1142
16119,1,232,300,1143
17324,2,178,299,1141
13531,1,335,299,1140
15501,1,206,299,1129
12909,1,353,299,1136
15561,1,284,298,1135
16720,1,572,298,1133
13591,1,328,298,1134
17695,1,373,297,1131
12933,1,329,297,1132
14220,0,703,297,1126
14710,2,164,297,1131
18236,1,241,297,1128
16175,1,281,296,1125
12855,2,128,296,1121
12877,2,165,296,1128
12573,2,145,296,1122
15164,1,212,296,1126
13723,1,245,295,1123
13740,1,333,295,1123
17090,2,143,294,1117
12875,1,391,294,1118
15723,1,278,294,1116
13243,1,473,293,1113
14370,1,241,293,1117
14343,1,298,293,1114
18241,1,248,293,1113
17143,1,324,293,1108
15627,1,353,292,1107
13293,1,199,292,1112
16354,1,289,292,1108
17869,1,250,292,1107
13936,2,193,291,1101
12450,2,190,291,1105
15861,1,293,291,1109
18179,1,551,291,1105
16928,3,107,290,1107
15071,1,378,290,1100
16278,1,358,290,1099
13360,1,303,290,1104
13382,1,323,290,1104
13601,1,350,290,1098
17490,1,375,289,1095
14745,2,195,289,1099
14480,1,395,289,1098
13656,1,459,289,1095
17797,1,262,289,1099
14994,1,205,288,1096
14905,1,228,288,1097
18272,1,371,287,1091
15994,1,455,287,1089
15247,1,379,287,1087
14020,1,371,287,1086
17127,1,267,287,1092
16428,1,295,287,1085
17889,1,306,286,1089
17968,2,171,286,1088
16836,1,381,286,1083
15326,1,384,284,1080
14605,1,397,283,1079
16702,1,316,283,1079
16167,1,320,283,1079
12880,1,373,283,1074
12575,1,346,283,1073
14398,1,322,283,1072
17531,1,503,282,1071
16233,1,195,282,1075
15452,1,213,282,1069
15402,1,221,282,1071
13259,1,206,281,1072
12998,1,342,281,1068
15774,1,218,281,1068
15987,2,142,280,1058
17759,1,381,280,1062
13713,1,272,280,1064
16292,1,228,280,1065
18036,2,187,279,1064
16199,2,151,279,1063
17591,1,499,279,1060
13476,1,321,279,1061
13503,1,270,278,1057
16711,1,312,278,1057
17310,1,320,277,1051
16895,1,268,277,1056
12826,1,213,277,1056
13587,1,482,277,1052
17023,1,363,277,1054
15192,1,345,277,1053
15149,1,391,277,1052
14055,0,638,276,1049
13764,0,586,276,1048
17726,2,169,276,1050
15651,1,395,275,1044
13465,1,393,275,1043
12402,1,221,275,1047
15350,2,145,275,1037
18154,1,191,275,1042
12793,2,165,274,1036
14831,0,1029,274,1041
16099,1,251,274,1042
13539,1,215,274,1041
14306,1,269,274,1041
16787,1,283,273,1039
17109,1,279,273,1034
15751,1,190,272,1038
16387,1,244,272,1036
14355,1,298,272,1034
16535,1,476,272,1031
15137,1,528,271,1030
13304,1,336,271,1032
15889,1,185,271,1032
13208,1,388,271,1030
16511,1,314,270,1028
16915,2,164,270,1026
14423,1,499,270,1023
13462,1,296,269,1024
15197,1,375,269,1022
17464,1,472,268,1018
17639,2,181,268,1018
18062,1,270,268,1018
14068,1,427,267,1017
17790,2,127,267,1015
13891,1,257,267,1014
18112,1,334,267,1011
16768,1,209,266,1013
17290,1,242,266,1011
15110,1,257,265,1005
13890,1,295,265,1009
13175,0,627,265,1007
13573,1,298,265,1007
17969,2,122,265,1010
17282,1,344,265,1004
16600,2,177,265,1009
12791,1,188,265,1007
17006,1,240,264,1005
13255,1,279,264,999
14080,1,297,264,1004
16727,1,336,263,1001
14296,1,355,263,997
13602,1,236,263,997
14260,1,351,262,994
16756,2,167,262,996
13566,1,299,262,995
14611,1,385,261,991
14320,1,360,261,994
17926,1,254,261,991
17158,1,508,261,989
13579,1,245,261,992
15784,1,469,261,989
13613,1,316,260,990
15607,1,182,260,990
13024,1,379,260,984
12972,1,246,259,986
12549,1,267,259,987
14358,1,187,259,978
18149,1,230,259,984
18268,1,286,258,983
14714,1,330,258,981
18151,1,236,258,981
13545,1,309,258,977
13019,1,203,257,981
14114,2,175,257,978
13787,1,267,257,979
16261,1,200,257,971
17941,1,394,257,976
17624,1,501,257,975
16017,1,269,257,977
14087,1,509,256,972
17984,1,288,255,973
14853,1,266,255,969
13761,1,314,255,968
17237,2,132,254,960
17236,2,163,254,968
14609,1,173,254,967
17122,1,183,254,964
13872,1,368,254,966
16117,1,355,254,963
15201,1,385,254,963
13878,1,312,254,964
14729,1,385,254,963
17871,1,259,253,964
14966,1,276,253,962
13897,1,450,253,959
17031,1,191,252,958
14861,2,153,252,960
14813,1,263,251,955
14573,1,260,251,956
16864,1,366,251,951
14455,2,144,251,952
15900,1,229,251,951
13585,1,371,249,947
13497,1,199,249,946
12421,1,264,248,941
16298,2,109,248,942
17950,1,215,248,944
12775,2,160,248,935
14026,1,401,247,939
17454,1,181,247,942
12842,1,493,247,937
16027,2,128,247,940
14479,1,346,246,937
17349,1,216,246,936
17343,1,228,246,936
17335,1,434,246,932
13795,1,219,245,934
14872,1,283,245,933
16039,1,385,245,931
13296,2,154,245,932
12648,1,325,245,931
17382,2,128,244,929
18049,1,349,244,926
15439,1,287,244,928
14104,1,220,244,926
13041,1,194,244,927
13821,1,255,243,926
18136,1,204,243,919
13039,1,302,243,924
13753,1,392,243,923
13976,1,309,243,922
14454,1,224,242,923
14302,1,347,242,922
17854,1,344,242,921
13484,1,383,242,917
16784,1,206,242,920
13988,1,369,242,917
14583,1,261,242,918
17170,2,133,242,912
13249,1,171,241,919
13104,1,284,241,915
18084,2,133,240,907
17005,1,355,240,909
16256,1,378,240,909
17227,2,151,240,913
14715,1,245,239,911
16620,1,270,239,911
14699,1,195,239,907
14142,1,383,239,906
15400,1,217,239,907
18071,1,266,239,909
14551,1,301,239,907
16987,1,268,239,908
17141,1,427,238,905
12785,0,517,238,906
16809,1,197,238,907
15771,1,381,238,905
15666,1,280,237,899
14621,1,247,237,903
17764,1,337,237,901
16451,0,537,237,900
16798,1,353,236,898
17547,1,397,236,896
14541,1,174,236,898
17137,1,193,236,897
18271,0,598,235,893
12905,0,521,235,891
17555,1,231,234,890
13989,1,220,234,888
17393,1,231,234,884
16092,1,365,234,886
14634,2,159,233,887
17345,1,262,233,888
17505,1,449,233,884
17967,2,154,233,880
12810,1,461,233,884
14247,1,161,233,884
16891,1,160,232,885
13513,1,393,232,879
15068,1,355,231,878
15850,1,254,231,881
16693,1,275,231,879
13686,2,140,231,872
16794,1,164,231,879
16344,1,294,230,876
14182,1,186,230,876
13459,0,648,230,874
17615,2,156,230,871
15661,2,122,229,873
15882,1,210,229,873
14324,1,417,229,870
14421,1,243,229,872
16830,1,321,229,871
17322,1,212,229,871
17699,1,320,228,866
14224,2,128,228,868
13964,1,166,228,861
13045,1,221,228,861
16359,2,133,227,865
16122,2,113,227,859
14512,1,209,227,864
15304,1,154,227,856
17996,1,271,226,857
16434,1,192,226,860
16725,2,153,226,861
14413,1,290,226,858
16781,1,383,225,855
14372,1,332,225,854
15134,1,156,225,850
16287,1,227,225,855
17888,3,70,224,855
12907,1,224,224,849
16296,1,333,224,853
15385,1,390,224,850
14363,1,186,224,846
16266,1,155,224,852
16769,1,450,222,845
14198,1,193,222,847
17908,1,202,222,847
17045,1,159,222,840
16805,1,343,222,844
13466,1,245,222,843
16373,2,144,222,838
17990,1,311,222,843
16138,1,218,221,840
14427,1,375,221,838
14437,2,140,221,840
12977,1,312,220,834
13819,0,485,220,837
17539,1,308,219,834
17430,2,144,219,829
13223,1,210,218,831
13984,1,150,218,832
14538,1,293,218,830
16075,1,329,218,825
16661,1,251,218,828
15542,0,463,217,826
13627,1,373,217,824
16159,1,313,217,826
14365,1,381,217,822
16774,1,206,216,824
15418,1,303,216,821
14940,1,429,216,819
15181,1,427,215,818
13067,1,177,215,814
15080,1,229,215,815
17159,1,368,215,817
15960,2,90,215,814
15870,1,172,214,811
17081,1,200,214,815
15664,1,253,214,815
16441,1,237,214,814
16699,1,148,214,816
12808,2,130,213,808
15254,1,415,213,808
16856,1,174,212,803
16071,1,269,212,807
15766,1,386,212,805
14169,1,181,212,800
16430,1,148,211,805
14820,1,172,211,802
16569,1,323,210,801
15988,1,422,210,798
16658,1,147,209,797
14723,1,165,209,796
17142,1,265,209,794
14315,0,431,208,791
15484,0,457,208,791
13733,1,415,208,791
14097,1,358,208,790
15016,1,177,208,788
14643,1,351,207,789
17281,1,143,207,790
16974,1,340,207,784
14662,1,295,207,787
17689,1,188,206,781
17368,1,186,206,783
17691,1,176,205,780
13921,1,224,205,782
16310,1,332,205,780
12825,1,374,205,780
15180,1,202,205,780
14204,1,293,205,781
14942,1,227,205,781
13064,1,395,205,777
14477,1,274,205,779
15845,1,275,204,777
16204,1,400,204,776
14061,1,300,204,777
14839,1,271,204,774
17268,1,141,203,775
16140,1,155,203,769
14656,1,210,203,772
12987,1,260,203,771
12897,1,240,202,765
13150,1,337,202,765
14167,1,203,201,766
16132,1,382,201,763
17860,1,280,201,764
17864,1,144,201,759
15639,1,303,200,760
18177,1,299,200,761
14157,1,231,200,760
15410,0,434,200,758
16660,1,260,200,759
17380,1,168,200,758
15003,1,144,199,760
14617,1,137,199,753
15303,0,427,199,755
17995,2,109,198,749
13856,2,95,198,752
12533,0,537,197,750
16472,1,287,197,748
17683,1,174,197,747
15888,1,222,196,743
16606,1,150,196,740
13770,1,218,196,745
14139,1,181,196,743
16946,1,148,196,745
17080,2,102,195,742
13479,1,203,195,739
17176,1,381,195,740
15958,1,171,195,740
15428,1,268,194,740
18262,1,279,194,736
18275,0,453,194,737
14450,1,160,194,737
13405,1,273,194,737
17530,1,272,194,737
16500,1,164,194,735
17664,1,312,193,734
18006,1,266,193,736
14754,1,197,193,736
17098,1,162,193,732
14584,1,182,192,731
15466,1,272,192,729
18016,1,339,191,727
15224,1,258,191,727
16421,2,120,191,724
17760,1,175,190,725
16037,1,370,190,721
13909,1,216,190,719
14183,1,183,190,719
14818,1,224,190,722
15605,1,161,190,722
15695,0,457,190,720
14998,1,281,190,719
16574,1,320,189,718
13433,1,201,189,720
17734,1,232,189,718
13233,1,346,188,715
12693,1,149,188,715
17172,1,371,188,715
16593,1,174,188,716
18058,1,372,188,713
14303,1,145,188,710
15276,1,141,188,710
17255,1,150,188,709
17411,1,371,188,712
13540,1,324,187,710
14283,1,141,187,710
13820,1,235,187,710
12525,1,225,187,710
13610,2,120,187,711
17812,2,119,186,707
13782,1,129,186,709
16898,1,175,185,703
13288,1,148,184,702
17529,0,469,184,698
15711,0,386,184,697
13374,1,154,184,694
17163,1,327,184,697
13997,1,295,183,695
13073,1,144,183,693
14219,1,185,183,693
18283,1,142,183,696
16385,1,202,183,694
18039,1,164,182,694
15362,1,372,182,693
16203,1,133,182,691
14053,1,176,182,689
12440,1,358,181,689
17852,1,255,181,690
13502,1,224,181,686
16647,1,228,181,686
14947,1,156,181,689
13101,1,236,181,688
17358,1,212,181,688
17477,0,506,181,686
13002,1,142,180,681
14805,1,195,180,685
12990,1,153,180,683
17201,1,232,179,683
15012,1,237,179,681
16844,0,384,179,680
13287,1,286,179,680
15266,1,186,179,680
12889,2,103,178,677
15921,1,203,178,677
16565,1,158,178,674
16977,1,197,177,675
14272,0,379,177,672
13512,1,171,177,673
16815,1,221,177,669
17332,1,150,176,672
15207,1,153,176,670
13641,1,282,176,670
17609,1,145,176,668
15008,1,296,176,666
13417,1,235,175,667
14877,1,284,175,666
17966,1,267,175,667
17536,1,313,175,665
12923,1,231,175,662
13432,0,380,175,662
16955,1,171,174,664
13873,1,132,174,664
13684,1,188,174,662
13998,1,168,174,660
14556,1,269,174,660
16415,0,394,174,659
15717,1,137,173,658
15393,1,261,173,658
13781,0,413,172,655
18252,1,168,172,656
13277,1,144,171,651
17604,1,171,171,652
16259,1,250,171,648
16226,2,112,171,645
17362,1,148,171,650
15797,0,385,171,647
14986,1,300,170,647
12844,1,247,170,646
15847,1,195,170,647
15420,1,135,169,646
14425,1,242,169,644
17373,1,198,169,643
14890,0,478,168,639
13057,1,204,168,639
16583,1,288,168,638
13965,1,226,168,637
16632,1,250,167,633
15461,1,271,167,633
18181,1,187,167,635
15289,1,264,167,632
14353,1,127,167,629
12494,1,157,166,630
17918,1,150,166,628
17963,1,170,165,630
15945,1,186,165,630
15070,1,228,165,629
17801,1,215,165,628
13544,1,190,165,628
15713,1,227,165,627
13957,1,197,165,627
15586,1,254,165,627
13238,1,234,164,624
17298,1,187,164,625
13584,1,307,164,623
14871,1,156,163,621
15191,1,303,163,619
15956,0,358,163,618
16447,0,380,162,616
14522,1,208,162,617
16419,0,358,162,615
15483,1,162,162,615
17043,1,179,161,615
17326,1,186,161,611
17622,0,482,161,611
13727,1,219,161,612
16943,1,298,160,607
13717,1,173,159,604
15936,1,140,159,603
17998,1,227,159,606
13729,1,203,159,605
16493,1,175,159,603
16382,1,196,158,599
15183,1,193,158,600
16862,1,177,158,601
12804,1,183,158,598
13190,1,234,157,599
15126,1,317,157,595
13598,1,189,156,592
13773,1,260,155,590
16060,1,110,155,587
14552,1,214,154,585
16986,1,151,154,585
16723,1,311,154,584
13861,1,180,153,578
17323,1,131,153,581
12788,2,102,152,578
16212,0,420,152,578
16887,1,303,152,577
16330,1,184,152,577
16846,0,335,152,576
17705,1,213,152,575
16050,2,92,151,572
18051,0,335,151,575
15822,1,171,150,573
16832,1,135,150,567
13589,1,168,150,570
17356,1,167,150,569
12651,2,92,149,566
16952,1,210,149,568
17753,1,200,149,566
17051,1,166,149,566
14037,1,168,149,566
14201,1,147,149,565
17025,1,169,149,565
14595,1,274,148,563
16014,1,260,148,562
15378,1,170,148,560
14624,1,121,148,562
17299,1,149,148,558
14058,1,184,147,559
16838,1,283,147,559
13123,1,188,147,558
15262,1,142,147,557
15890,1,151,147,558
16412,1,143,147,559
16932,1,196,146,554
15911,1,247,145,554
13747,1,101,145,550
15157,0,332,145,553
14237,1,200,145,552
16707,1,131,145,552
13980,1,137,145,552
17200,1,237,145,550
17785,1,194,144,548
15223,1,239,144,549
13698,0,346,144,548
13556,1,118,144,545
12449,1,114,144,545
13285,0,387,143,544
13070,1,204,143,545
17327,1,184,143,543
15989,1,283,143,544
17251,1,275,143,542
17561,1,201,142,542
17476,1,283,142,541
14771,0,378,142,540
12695,1,184,142,541
13292,1,115,142,538
16234,1,135,142,538
15102,1,246,142,537
17518,1,218,141,537
15278,0,294,141,535
12504,1,202,141,535
16332,1,111,141,536
14681,1,165,141,535
16668,2,87,141,536
16827,2,91,141,535
15584,1,242,141,534
15109,0,329,140,532
15800,1,218,139,529
15759,1,161,139,531
16089,1,146,139,527
12373,0,400,139,528
13515,1,231,139,528
18001,1,199,139,528
14949,1,153,139,529
13514,1,176,139,528
17181,1,193,139,525
15488,1,108,139,527
16524,1,256,138,526
17935,1,155,138,527
16691,1,178,138,523
15309,1,187,138,524
17212,1,149,137,518
12891,2,72,137,521
13582,1,204,136,517
15169,1,263,136,516
14460,1,105,136,518
18135,1,100,136,517
15650,1,241,136,514
14924,0,382,135,514
17155,1,131,135,514
15416,1,247,135,511
13026,1,151,134,512
17792,1,149,134,508
14322,1,127,134,511
17825,0,326,133,506
12376,2,90,133,502
13700,1,163,133,505
16166,1,243,133,504
15323,1,181,133,504
16884,0,276,132,501
18101,1,163,132,502
17773,1,258,132,500
17631,1,145,131,500
14083,1,180,131,499
16585,0,311,131,498
13250,1,150,131,496
17076,1,185,131,497
14011,1,206,131,495
17270,1,265,130,494
15346,1,103,130,491
13427,1,182,130,493
16414,1,169,129,493
14807,1,211,129,491
15715,1,166,129,491
16406,1,219,129,489
16939,1,155,129,489
15198,1,165,128,488
17849,1,148,128,487
15280,1,189,128,485
15459,1,132,128,483
13129,1,156,128,483
16792,1,168,127,481
14798,1,96,126,481
17463,0,262,126,479
14722,1,150,126,478
16690,1,104,126,477
14484,1,174,126,480
17189,1,190,124,474
17643,1,128,124,471
17350,1,154,124,472
13415,1,176,124,472
13008,1,239,124,470
16080,1,100,124,467
13807,1,174,123,470
12677,0,253,123,468
12800,1,224,123,468
13262,1,175,123,467
14672,1,237,123,467
15873,1,172,123,466
14926,1,174,123,466
16948,1,116,123,467
13595,1,150,123,466
15512,1,213,123,465
17376,1,137,122,464
15287,1,173,122,463
17709,1,101,121,460
14549,1,173,121,460
15055,1,169,120,458
15912,1,134,120,458
12741,1,211,120,455
13399,1,98,119,453
17233,1,236,119,452
16306,1,87,119,450
17962,0,249,119,451
14403,0,282,119,450
14577,1,165,118,450
13010,1,190,118,448
14253,1,196,118,447
13877,1,220,118,447
14704,1,183,118,447
15430,1,148,118,445
15549,1,101,117,447
14078,1,100,117,446
16868,1,117,117,445
17027,1,165,117,444
14342,1,112,116,441
14671,1,227,116,439
17608,1,175,115,437
15741,1,181,115,437
14563,1,186,115,436
16538,1,210,115,435
13242,1,112,115,436
13948,1,162,114,433
15446,1,158,114,432
15714,1,103,113,431
16390,1,152,113,431
17221,0,298,113,429
14826,0,256,113,428
15562,1,221,112,427
17292,1,163,112,425
15917,1,184,111,424
17572,2,75,111,425
12943,1,224,111,422
16648,1,162,111,420
15447,1,132,110,419
17771,1,157,110,418
16356,1,133,109,414
12898,1,190,109,414
15938,1,79,109,413
17110,1,187,109,412
16692,1,86,108,409
17707,1,85,108,411
18078,1,169,108,409
14738,0,243,108,408
16158,2,71,107,410
15691,1,152,107,409
17955,0,451,107,404
17681,1,137,106,405
14122,1,152,106,405
14166,1,181,105,400
17740,1,77,105,401
15573,1,178,105,400
15451,1,154,105,399
14151,0,402,105,399
17807,1,138,104,396
17680,1,110,104,394
16802,0,398,104,395
15196,1,204,103,392
15184,1,199,103,392
14819,1,208,103,390
15361,1,111,103,389
13020,0,212,102,387
17804,1,145,102,387
14369,0,368,101,385
13151,0,371,101,384
18011,1,129,101,383
17745,1,139,101,383
14569,1,105,100,381
12920,0,229,100,381
17883,1,194,100,381
16888,1,132,100,381
13992,1,86,100,377
13346,2,67,99,378
13487,0,208,99,375
14471,0,238,99,375
17258,1,167,98,373
15682,0,236,97,369
15504,1,125,97,370
18021,1,146,96,365
16921,1,142,96,365
14558,1,193,96,366
15124,1,166,96,363
17436,1,134,95,362
13892,1,137,95,359
17638,0,289,95,359
13480,1,167,94,359
14958,1,151,94,358
16596,1,130,93,355
15637,1,102,93,355
14494,1,184,93,354
18203,1,131,93,355
18190,1,149,93,353
14181,1,119,93,351
12361,1,118,92,351
15920,1,101,92,351
17182,1,178,92,350
16854,1,148,92,349
18218,0,221,91,346
12634,1,162,90,341
13283,0,189,90,341
12370,0,262,90,341
15659,1,147,90,341
17845,1,181,89,336
14172,1,151,88,336
14069,1,139,88,333
15901,1,76,87,331
17285,0,266,87,329
12542,1,147,86,326
17256,1,132,85,324
14043,0,174,85,322
13710,1,127,85,321
17209,1,162,84,318
17880,0,241,83,317
14835,1,149,83,317
14616,1,101,83,315
16381,1,57,83,314
13474,1,88,82,312
13080,1,86,82,310
17867,2,50,81,310
17577,0,292,81,306
17184,0,184,80,306
13619,1,161,80,304
17776,1,154,80,303
16519,1,92,79,302
13676,1,145,78,297
12527,1,108,78,295
16892,0,173,78,295
14119,1,146,77,293
15702,1,141,76,289
17923,1,128,76,286
13413,1,147,75,286
14191,1,147,75,285
15401,1,103,75,284
17339,1,77,74,282
16453,1,129,74,282
16544,1,138,74,280
18134,0,178,74,279
12956,0,200,73,276
17497,1,105,71,271
16680,1,123,71,268
16604,0,157,70,266
16773,1,140,70,266
15729,2,44,69,262
13834,0,152,69,263
18063,1,107,69,261
15662,0,221,68,259
15591,1,99,68,257
17026,2,45,67,254
12346,1,49,67,256
18002,1,74,67,254
14168,1,86,66,251
18018,1,46,66,250
15086,0,136,66,250
16890,1,66,66,250
15878,0,149,66,250
17266,1,114,66,249
17035,0,157,65,246
14707,1,89,65,246
14486,1,99,64,244
13368,1,47,64,243
16442,0,160,64,243
13835,1,77,62,238
17847,1,113,62,236
16487,0,135,61,232
13616,0,133,61,231
17741,1,77,60,229
16452,0,173,60,228
12665,1,104,60,228
13768,0,438,60,228
16018,1,118,60,227
13679,1,87,60,228
13207,1,91,59,225
12789,1,117,59,225
17226,1,103,59,224
15566,1,113,59,222
15779,1,73,58,221
14962,1,67,57,217
13442,0,124,57,217
13164,0,122,57,215
13784,2,34,56,213
16704,0,153,55,210
17780,0,240,55,210
14279,1,103,53,201
13825,0,141,53,201
14990,0,132,52,196
13275,1,79,51,193
15943,0,181,50,191
13403,1,97,50,190
13440,2,30,50,189
15863,1,84,50,189
14238,0,160,49,185
17808,1,51,49,185
13804,1,41,49,183
17185,0,133,48,183
12703,1,93,48,183
14173,0,140,48,183
15403,0,96,46,176
13051,0,103,45,172
16286,1,72,45,169
13252,1,68,44,169
18108,0,107,44,166
16911,0,145,44,165
17484,0,96,43,165
17731,0,121,43,161
14876,1,69,42,160
16628,1,68,42,160
13234,0,148,41,158
16436,0,91,41,156
17067,0,281,41,154
17371,0,107,40,152
15423,0,89,39,147
13597,2,24,39,146
14513,1,35,38,143
15314,1,29,38,142
12663,0,109,37,141
15283,1,29,37,140
17960,1,66,36,137
15823,1,49,35,133
15645,1,26,35,131
12761,1,35,34,129
17329,0,250,34,127
14108,0,241,33,126
17988,1,26,33,125
17898,1,44,32,121
14464,0,66,31,119
13307,1,42,27,103
15094,1,45,26,100
15564,1,48,26,100
14519,0,105,26,100
15684,1,37,25,95
12439,0,97,24,92
18053,1,41,24,90
16139,0,150,24,90
16273,0,97,24,90
17662,0,77,23,87
17309,1,38,22,84
15359,0,63,22,84
17816,1,30,22,83
12948,0,155,22,82
17011,0,87,21,79
16947,1,24,21,78
18217,1,32,21,78
17649,1,22,20,77
14751,0,79,19,73
14865,1,27,19,73
17563,0,44,19,73
18037,2,12,19,71
17810,0,82,19,71
16840,0,43,17,66
16894,1,25,17,66
16321,0,47,17,66
13666,1,33,17,63
14610,1,18,16,62
17763,0,69,16,61
15794,0,128,16,60
17408,1,20,14,54
15076,1,18,13,50
13457,0,48,12,45
17246,0,23,10,40
16454,0,32,10,39
12675,1,20,10,38
17916,0,27,10,37
17330,1,17,9,32
15884,1,14,7,26
17794,0,21,4,14
15577,0,22,3,11
